Asset Age,Time Since Last Maintenance,Total Spare Parts Cost,Failure Count,Avg Time Between Maintenance,Month,Asset Number,Predicted Time to Next Failure,Predicted Failure Type,Predicted Cost,Actual Time to Next Failure,Actual Failure Type,Actual Cost
284,0.0,3321.2,18,19.384615384615383,11,ASD-COC-TFL008-AHU154,45.86,DAMAGED,3321.095600000004,6.0,DIRTY,3321.2
633,0.0,8816.32,49,13.56,10,ASD-COC-GFL003-AHU103,31.45,DAMAGED,8814.134600000003,0.0,DAMAGED,8816.32
326,0.0,1125.75,13,15.875,3,ASD-MTB-GFL022-AHU010,30.3,DIRTY,1125.7073000000005,0.0,DIRTY,1125.75
390,0.0,3997.41,19,18.866666666666667,2,ASD-MTB-GFL025-AHU013,56.78,WARNING,3998.813400000003,0.0,WARNING,3997.41
170,0.0,1382.4,14,12.090909090909092,8,ASD-MTB-GFL013-AHU012,42.67,BLOCKED,1382.469799999998,2.0,DIRTY,1382.4
321,0.0,944.96,14,21.735294117647054,1,ASD-COC-TFL005-AHU163,35.92,DAMAGED,944.859800000001,175.0,DAMAGED,944.96
323,0.0,3321.2,22,19.384615384615383,12,ASD-COC-TFL008-AHU154,49.81,DAMAGED,3321.074800000004,20.0,NOT WORKING,3321.2
394,0.0,2603.04,26,21.08823529411765,2,ASD-COC-GFL004-AHU105,52.78,DAMAGED,2602.9708000000023,60.0,DAMAGED,2603.04
355,0.0,3876.32,22,19.964285714285715,2,ASD-COB-APR-AHU094,88.25,DAMAGED,3878.588299999999,119.0,DAMAGED,3876.32
579,0.0,48147.56,66,9.743589743589745,8,ASD-COB-GFL018-AHU084,37.25,DIRTY,48139.242699999995,0.0,DIRTY,48147.56
459,0.0,42.0,16,20.36842105263158,5,ASD-COC-GFL001-AHU098,43.51,DAMAGED,42.0,39.0,DAMAGED,42.0
32,0.0,876.84,9,15.875,3,ASD-COC-GFL005-AHU113,89.37,DIRTY,880.476099999999,0.0,DIRTY,876.84
457,0.0,1829.12,18,29.27777777777778,7,ASD-COA-BAS004-AHU182,39.84,DAMAGED,1828.9531999999974,72.0,DAMAGED,1829.12
83,0.0,0.0,6,25.83333333333333,4,ASD-COC-TFL006-AHU164,70.6,DAMAGED,0.0,77.0,DAMAGED,0.0
124,0.0,0.0,10,19.384615384615383,6,ASD-COC-TFL008-AHU154,41.05,NOT WORKING,0.0,28.0,DAMAGED,0.0
370,0.0,2575.52,26,15.5,1,ASD-COC-TFL002-AHU134,63.18,DAMAGED,2575.509999999995,11.0,DAMAGED,2575.52
378,0.0,3445.28,22,18.88235294117647,1,ASD-COC-TFL004-AHU142,85.63,DAMAGED,3445.180800000006,111.0,DAMAGED,3445.28
627,0.0,2116.96,28,21.735294117647054,11,ASD-COC-TFL005-AHU163,34.54,DAMAGED,2116.9599999999987,71.0,DAMAGED,2116.96
382,0.0,0.0,20,16.95,1,LSD-PMS-BUI-AHU202,69.06,DIRTY,0.0,31.0,DIRTY,0.0
268,0.0,12835.12,22,13.648148148148149,11,ASD-MTB-FOF07A-AHU179,43.45,DAMAGED,12835.059800000014,114.0,DAMAGED,12835.12
385,0.0,25388.18,68,5.140845070422535,2,ASD-MTB-FOF008-AHU014,31.83,DAMAGED,25374.260900000005,0.0,DAMAGED,25388.18
312,0.0,42.0,8,20.36842105263158,12,ASD-COC-GFL001-AHU098,53.8,DAMAGED,42.0,16.0,DAMAGED,42.0
82,0.0,1420.2,12,9.743589743589745,4,ASD-COB-GFL018-AHU084,34.69,DIRTY,1420.281799999999,31.0,DAMAGED,1420.2
329,0.0,5485.8,26,10.84722222222222,12,ASD-COB-GFL018-AHU090,51.0,DAMAGED,5485.813599999994,25.0,DAMAGED,5485.8
47,0.0,1357.52,11,19.25,2,ASD-MTB-FOF024-AHU197,34.02,NOT WORKING,1357.520700000001,0.0,NOT WORKING,1357.52
351,0.0,3438.32,20,19.25,12,ASD-MTB-FOF024-AHU197,44.0,LEAKAGE,3437.8024000000023,187.0,NOT WORKING,3438.32
170,0.0,375.66,6,24.071428571428573,7,ASD-COC-TFL008-AHU151,31.96,DIRTY,375.6520000000003,100.0,DIRTY,375.66
278,0.0,1517.92,24,11.838235294117649,11,ASD-COC-TFL001-AHU128,51.97,DAMAGED,1517.6600000000003,1.0,DIRTY,1517.92
342,0.0,26958.44,54,7.63953488372093,12,ASD-COB-GFL020-AHU081,43.8,DIRTY,26957.49779999996,4.0,DIRTY,26958.44
36,0.0,0.0,4,8.63953488372093,2,ASD-COC-GFL008-AHU115,33.65,WARNING,0.0,0.0,DAMAGED,0.0
295,0.0,2076.24,16,9.36904761904762,12,ASD-COB-AM5-AHU01,30.32,NOT WORKING,2076.055999999998,191.0,NOT WORKING,2076.24
364,0.0,18136.72,46,7.63953488372093,1,ASD-COA-GFL001-AHU071,31.04,DIRTY,18136.369099999978,24.0,DIRTY,18136.72
58,0.0,0.0,4,7.481481481481482,3,ASD-COC-GFL003-AHU120,50.51,DIRTY,0.0,12.0,DIRTY,0.0
0,0.0,0.0,2,8.18421052631579,2,ASD-MTB-GFL07A-AHU176,53.02,DIRTY,0.0,2.0,DAMAGED,0.0
307,0.0,0.0,10,29.77777777777778,11,ASD-COC-GFL006-AHU108,83.35,NOT WORKING,0.0,17.0,NOT WORKING,0.0
307,0.0,408.6,8,25.33333333333333,11,ASD-COC-TFL006-AHU150,44.72,DAMAGED,408.6007999999993,10.0,DIRTY,408.6
379,0.0,28647.96,48,9.59722222222222,3,ASD-COB-GFL018-AHU080,67.36,DIRTY,28640.36530000001,0.0,DIRTY,28647.96
7,0.0,372.3,6,15.875,2,ASD-COC-GFL005-AHU113,39.52,DIRTY,372.29569999999984,25.0,DAMAGED,372.3
408,0.0,10813.98,45,8.25,2,ASD-COB-GFL020-AHU087,39.16,DIRTY,10813.963099999988,0.0,DIRTY,10813.98
368,0.0,782.4,20,17.522727272727273,1,ASD-COC-GFL002-AHU101,85.38,DIRTY,782.4967999999999,73.0,DIRTY,782.4
151,0.0,0.0,10,11.5625,6,LSD-VCN-FFL-AHU199,67.06,NOT WORKING,0.0,11.0,NOT WORKING,0.0
143,0.0,375.66,8,15.875,9,ASD-MTB-GFL022-AHU010,40.59,DIRTY,375.66600000000034,89.0,NOT WORKING,375.66
657,0.0,2349.92,36,18.4,11,ASD-COC-GFL005-AHU107,34.22,NOT WORKING,2348.816300000003,52.0,NOT WORKING,2349.92
187,0.0,8052.599999999999,8,12.583333333333334,9,ASD-COB-GFL017-AHU089,35.41,DAMAGED,8052.545999999986,6.0,NOT WORKING,8052.599999999999
0,0.0,0.0,2,20.83333333333333,1,ASD-COC-GFL002-AHU100,76.37,DAMAGED,0.0,5.0,DAMAGED,0.0
62,0.0,0.0,4,7.149122807017544,3,ASD-COC-GFL002-AHU118,46.29,DIRTY,0.0,59.0,DIRTY,0.0
85,0.0,0.0,10,9.534883720930232,4,LSD-VCN-FFL-AHU198,51.07,DIRTY,0.0,9.0,DIRTY,0.0
195,0.0,454.0,4,26.75,7,ASD-COC-TFL003-AHU137,33.09,WARNING,454.1761,42.0,WARNING,454.0
273,0.0,42.0,6,20.36842105263158,11,ASD-COC-GFL001-AHU098,37.31,DAMAGED,42.0444,39.0,NOT WORKING,42.0
323,0.0,3438.32,18,19.25,11,ASD-MTB-FOF024-AHU197,42.82,DAMAGED,3437.8024000000023,28.0,DAMAGED,3438.32
468,0.0,9438.34,26,20.214285714285715,4,ASD-MTB-FOF009-AHU061,61.62,WARNING,9433.028099999989,0.0,WARNING,9438.34
0,0.0,0.0,2,29.57692307692308,1,ASD-COC-GFL005-AHU106,56.85,DAMAGED,0.0,46.0,DAMAGED,0.0
315,0.0,17636.059999999998,34,13.37037037037037,12,ASD-MTB-FOF021-AHU050,60.82,NOT WORKING,17634.892400000037,72.0,DAMAGED,17636.059999999998
108,0.0,0.0,8,27.5,6,ASD-COA-APR-AHU078,42.75,NOT WORKING,0.0,124.0,NOT WORKING,0.0
591,0.0,42846.74,112,5.768115942028985,9,ASD-COC-GFL008-AHU116,31.22,DAMAGED,42845.9572000001,5.0,DAMAGED,42846.74
0,0.0,0.0,2,21.08823529411765,1,ASD-COC-GFL004-AHU105,33.63,DAMAGED,0.0,27.0,DIRTY,0.0
315,0.0,42402.8,56,4.746753246753247,1,ASD-MTB-GFL06A-AHU169,37.41,DAMAGED,42402.978799999924,3.0,DIRTY,42402.8
682,0.0,3304.32,36,20.33333333333333,11,ASD-COC-GFL008-AHU110,30.04,DAMAGED,3304.2192000000055,56.0,DAMAGED,3304.32
0,0.0,12253.74,12,17.772727272727273,2,ASD-MTB-FOF021-AHU052,78.15,DIRTY,12254.479900000002,160.0,DIRTY,12253.74
681,0.0,29964.48,31,20.38888888888889,1,ASD-MTB-FOF07A-AHU180,31.04,DAMAGED,29950.386300000002,0.0,DAMAGED,29964.48
120,0.0,8750.89,6,26.25,9,ASD-MTB-FOF024-AHU053,70.69,WARNING,8742.50930000001,0.0,WARNING,8750.89
449,0.0,1905.36,16,29.57692307692308,4,ASD-COC-GFL005-AHU106,41.15,DAMAGED,1905.2855999999958,49.0,BLOCKED,1905.36
54,0.0,1009.08,10,13.148148148148149,4,ASD-COC-GFL005-AHU114,34.66,DAMAGED,1007.2376999999999,130.0,DAMAGED,1009.08
160,0.0,992.4,10,20.61111111111111,8,ASD-COC-TFL008-AHU152,30.89,DIRTY,992.3232999999987,92.0,DAMAGED,992.4
0,0.0,0.0,2,20.33333333333333,1,ASD-COC-GFL008-AHU110,53.89,NOISY,0.0,24.0,NOT WORKING,0.0
0,0.0,0.0,2,19.21875,2,ASD-COC-TFL004-AHU139,62.86,DIRTY,0.0,32.0,DAMAGED,0.0
42,0.0,2123.76,12,8.5,4,ASD-COA-GFL004-AHU073,49.9,DIRTY,2123.807000000002,20.0,DIRTY,2123.76
299,0.0,3554.08,18,15.958333333333334,11,ASD-COC-GFL004-AHU104,32.09,DAMAGED,3555.3230000000003,16.0,DAMAGED,3554.08
25,0.0,0.0,4,24.892857142857142,2,ASD-COC-TFL001-AHU130,61.66,DAMAGED,0.0,172.0,DAMAGED,0.0
0,0.0,400.52,2,29.27777777777778,4,ASD-COA-BAS004-AHU182,42.4,DIRTY,399.71259999999995,0.0,DAMAGED,400.52
281,0.0,1478.44,12,11.655172413793103,11,ASD-COC-TFL008-AHU153,36.55,DAMAGED,1478.5672000000015,141.0,DAMAGED,1478.44
324,0.0,0.0,12,29.77777777777778,12,ASD-COC-GFL006-AHU108,83.05,DIRTY,0.0,45.0,DIRTY,0.0
461,0.0,19791.16,35,14.452380952380953,4,ASD-MTB-FOF008-AHU060,34.37,WARNING,19789.086200000023,0.0,WARNING,19791.16
0,0.0,0.0,2,20.25,1,ASD-COC-TFL006-AHU147,36.56,NOISY,0.0,20.0,WARNING,0.0
312,0.0,19136.8,48,5.202702702702703,12,ASD-COA-GFL003-AHU184,33.93,DIRTY,19136.73200000003,21.0,DIRTY,19136.8
468,0.0,11179.96,27,20.214285714285715,4,ASD-MTB-FOF009-AHU061,72.63,WARNING,11162.122400000011,0.0,WARNING,11179.96
300,0.0,36602.96,44,9.895833333333334,11,ASD-MTB-FOF024-AHU049,55.59,NOT WORKING,36602.921199999975,144.0,DIRTY,36602.96
366,0.0,1075.44,24,16.55263157894737,2,LSD-PMS-BUI-AHU203,35.84,NOT WORKING,1075.3134000000014,2.0,DIRTY,1075.44
385,0.0,25772.63,69,5.140845070422535,2,ASD-MTB-FOF008-AHU014,35.27,DAMAGED,25768.248100000004,0.0,DAMAGED,25772.63
363,0.0,1172.0,16,22.25,8,ASD-COC-TFL008-AHU166,50.61,DAMAGED,1172.0,47.0,LEAKAGE,1172.0
408,0.0,1652.16,20,20.33333333333333,2,ASD-COC-GFL008-AHU110,62.1,DAMAGED,1652.2485000000029,18.0,DAMAGED,1652.16
266,0.0,512.6,18,12.36,11,ASD-COC-TFL001-AHU129,36.93,DAMAGED,512.5999999999991,40.0,DIRTY,512.6
432,0.0,0.0,10,24.26923076923077,7,ASD-COC-TFL004-AHU160,34.36,DAMAGED,0.0,0.0,DAMAGED,0.0
423,0.0,1478.44,14,11.655172413793103,4,ASD-COC-TFL008-AHU153,30.85,DIRTY,1478.4818000000016,61.0,LEAKAGE,1478.44
106,0.0,432.78,5,24.83333333333333,7,ASD-COC-TFL006-AHU149,46.58,WARNING,432.33969999999994,0.0,WARNING,432.78
300,0.0,0.0,8,29.77777777777778,11,ASD-COC-GFL006-AHU108,84.21,NOT WORKING,0.0,7.0,DAMAGED,0.0
43,0.0,74.0,9,18.973684210526315,2,ASD-MTB-FOF010-AHU046,58.09,DIRTY,75.1994999999999,0.0,DIRTY,74.0
637,0.0,2245.92,34,18.4,11,ASD-COC-GFL005-AHU107,39.66,DAMAGED,2246.0604000000044,19.0,LEAKAGE,2245.92
268,0.0,29160.76,34,17.772727272727273,11,ASD-MTB-FOF021-AHU052,52.15,DAMAGED,29157.252299999953,190.0,NOT WORKING,29160.76
31,0.0,0.0,4,21.735294117647054,3,ASD-COC-TFL005-AHU163,66.78,DAMAGED,0.0,86.0,DAMAGED,0.0
108,0.0,0.0,8,14.041666666666666,4,ASD-COC-TFL004-AHU140,57.03,DAMAGED,0.0,43.0,DAMAGED,0.0
307,0.0,5115.78,46,7.888888888888889,11,ASD-COA-GFL002-AHU067,32.09,DAMAGED,5115.583700000014,51.0,DIRTY,5115.78
299,0.0,24968.9,62,5.140845070422535,11,ASD-MTB-FOF008-AHU014,32.8,DAMAGED,24968.899999999954,17.0,DAMAGED,24968.9
0,0.0,0.0,2,26.25,5,ASD-MTB-FOF024-AHU053,63.87,DAMAGED,0.0,120.0,LEAKAGE,0.0
326,0.0,1655.6799999999998,22,20.25,11,ASD-COC-TFL006-AHU147,40.07,DAMAGED,1655.3549999999968,63.0,DAMAGED,1655.6799999999998
0,0.0,0.0,2,29.83333333333333,1,ASD-COB-APR-AHU095,66.02,DAMAGED,0.0,41.0,NOT WORKING,0.0
464,0.0,21835.46,48,8.763157894736842,5,ASD-MTB-FOF010-AHU058,30.87,DIRTY,21836.33310000001,0.0,DIRTY,21835.46
260,0.0,512.6,16,12.36,11,ASD-COC-TFL001-AHU129,36.79,DIRTY,512.5999999999991,5.0,LEAKAGE,512.6
426,0.0,1652.16,22,20.33333333333333,3,ASD-COC-GFL008-AHU110,58.91,DAMAGED,1652.2485000000029,14.0,NOT WORKING,1652.16
249,0.0,1587.44,18,12.090909090909092,11,ASD-MTB-GFL013-AHU012,36.16,DAMAGED,1588.1227000000013,18.0,DIRTY,1587.44
29,0.0,8991.76,16,13.37037037037037,3,ASD-MTB-FOF021-AHU050,65.86,DIRTY,8991.798500000008,76.0,NOT WORKING,8991.76
6,0.0,0.0,4,26.35,2,ASD-COA-APR-AHU077,47.97,DAMAGED,0.0,27.0,NOT WORKING,0.0
98,0.0,1635.78,28,8.777777777777779,5,ASD-COB-GFL016-AHU091,30.8,WARNING,1635.2714999999998,46.0,NOT WORKING,1635.78
277,0.0,1856.96,18,23.227272727272727,1,ASD-COB-AM5-AHU02,62.83,WATER LEAKAGE,1857.5920999999998,59.0,WATER LEAKAGE,1856.96
694,0.0,80225.48,140,5.298611111111111,12,ASD-COC-GFL003-AHU119,30.08,DAMAGED,80207.27040000018,27.0,NOT WORKING,80225.48
136,0.0,0.0,8,7.481481481481482,5,ASD-COC-GFL003-AHU120,40.82,DIRTY,0.0,23.0,DIRTY,0.0
291,0.0,240.0,13,14.977272727272728,11,LSD-TXP-GFL26A-AHU201,44.71,DAMAGED,240.0,0.0,DAMAGED,240.0
331,0.0,0.0,12,42.5,12,ASD-COC-TFL008-AHU167,46.99,DAMAGED,0.0,181.0,NO CONNECTION,0.0
219,0.0,3796.68,22,12.305555555555555,4,ASD-MTB-GFL07A-AHU177,35.03,DIRTY,3796.400699999996,47.0,DIRTY,3796.68
35,0.0,0.0,6,11.5625,2,LSD-VCN-FFL-AHU199,87.75,DAMAGED,0.0,37.0,DAMAGED,0.0
104,0.0,3816.72,14,12.78125,4,ASD-MTB-GFL009-AHU007,69.1,DIRTY,3816.719999999992,72.0,NOT WORKING,3816.72
579,0.0,48256.28,67,9.743589743589745,8,ASD-COB-GFL018-AHU084,35.38,DIRTY,48180.59620000001,0.0,DIRTY,48256.28
256,0.0,1829.12,12,29.27777777777778,12,ASD-COA-BAS004-AHU182,37.3,WARNING,1828.9971999999973,35.0,DIRTY,1829.12
17,0.0,8852.039999999999,13,13.37037037037037,2,ASD-MTB-FOF021-AHU050,32.81,DIRTY,8855.011900000001,0.0,DIRTY,8852.039999999999
41,0.0,1310.04,14,5.768115942028985,3,ASD-COC-GFL008-AHU116,54.99,DAMAGED,1310.1226999999972,2.0,DAMAGED,1310.04
284,0.0,27532.16,52,8.594594594594595,10,ASD-MTB-FOF009-AHU015,47.28,DIRTY,27542.078599999964,0.0,DIRTY,27532.16
284,0.0,27677.12,53,8.594594594594595,10,ASD-MTB-FOF009-AHU015,69.79,DIRTY,27685.398099999973,0.0,DIRTY,27677.12
320,0.0,1497.72,18,13.148148148148149,12,ASD-COC-GFL005-AHU114,37.58,DIRTY,1498.2162000000012,67.0,DAMAGED,1497.72
306,0.0,1172.4,18,20.61111111111111,1,ASD-COC-TFL008-AHU152,60.09,DAMAGED,1172.3669999999981,69.0,DAMAGED,1172.4
19,0.0,0.0,4,23.607142857142858,1,ASD-COC-TFL005-AHU162,59.16,DAMAGED,0.0,31.0,DIRTY,0.0
107,0.0,1315.08,6,29.27777777777778,7,ASD-COA-BAS004-AHU182,37.23,DIRTY,1315.704700000002,0.0,NOISY,1315.08
182,0.0,260.8,16,26.35,8,ASD-COA-APR-AHU077,83.16,NOT WORKING,260.79999999999956,35.0,NOT WORKING,260.8
476,0.0,2317.44,20,24.892857142857142,5,ASD-COC-TFL001-AHU130,31.74,DAMAGED,2317.584400000001,104.0,DAMAGED,2317.44
269,0.0,1253.4,14,13.148148148148149,11,ASD-COC-GFL005-AHU114,38.25,DIRTY,1255.742400000001,0.0,DIRTY,1253.4
362,0.0,22436.32,44,8.63953488372093,1,ASD-COC-GFL008-AHU115,47.57,DIRTY,22435.507400000002,56.0,DAMAGED,22436.32
332,0.0,10734.84,52,8.053191489361701,12,ASD-COA-GFL003-AHU068,65.97,DAMAGED,10734.839999999991,24.0,LEAKAGE,10734.84
467,0.0,2116.96,22,26.75,8,ASD-COC-TFL004-AHU161,38.0,DAMAGED,2116.9599999999987,97.0,DAMAGED,2116.96
498,0.0,2603.04,30,21.08823529411765,5,ASD-COC-GFL004-AHU105,49.26,DAMAGED,2603.0214000000024,32.0,DAMAGED,2603.04
50,0.0,782.4,6,29.57692307692308,3,ASD-COC-GFL005-AHU106,54.77,DIRTY,782.0945999999998,120.0,DIRTY,782.4
280,0.0,1517.92,26,11.838235294117649,11,ASD-COC-TFL001-AHU128,45.95,DIRTY,1517.6424000000002,58.0,DIRTY,1517.92
20,0.0,823.84,6,37.92857142857143,3,ASD-COC-TFL003-AHU159,43.89,DIRTY,823.8323999999992,250.0,DIRTY,823.84
312,0.0,36026.48,54,7.819148936170213,11,ASD-MTB-FOF010-AHU036,41.18,WARNING,36018.773200000025,0.0,WARNING,36026.48
442,0.0,782.4,22,17.522727272727273,3,ASD-COC-GFL002-AHU101,45.39,DAMAGED,782.4381999999999,34.0,DAMAGED,782.4
343,0.0,19136.8,52,5.202702702702703,1,ASD-COA-GFL003-AHU184,32.56,DIRTY,19136.800000000032,4.0,DIRTY,19136.8
59,0.0,0.0,8,9.657142857142857,3,ASD-COA-GFL004-AHU063,61.9,DIRTY,0.0,4.0,NOT WORKING,0.0
125,0.0,8999.4,18,14.78,6,ASD-MTB-FOF009-AHU021,43.03,NOT WORKING,8999.362500000012,69.0,NOT WORKING,8999.4
444,0.0,1718.28,24,11.10344827586207,4,ASD-COC-TFL006-AHU148,39.94,DIRTY,1718.5299999999988,89.0,DIRTY,1718.28
138,0.0,0.0,6,13.357142857142858,6,ASD-MTB-FOF06A-AHU173,39.84,DAMAGED,0.0,47.0,DIRTY,0.0
26,0.0,13581.41,12,11.452380952380953,2,ASD-MTB-FOF008-AHU028,32.2,DIRTY,13582.753799999995,0.0,DIRTY,13581.41
12,0.0,0.0,4,16.55263157894737,2,LSD-PMS-BUI-AHU203,51.63,DIRTY,0.0,81.0,DAMAGED,0.0
355,0.0,5485.8,28,10.84722222222222,1,ASD-COB-GFL018-AHU090,32.37,DIRTY,5485.813599999994,23.0,DIRTY,5485.8
0,0.0,801.0400000000001,4,29.27777777777778,4,ASD-COA-BAS004-AHU182,49.17,DIRTY,801.0218999999998,107.0,DAMAGED,801.0400000000001
169,0.0,501.92,10,22.6,8,ASD-COC-TFL002-AHU131,38.43,DIRTY,502.0991999999991,120.0,DIRTY,501.92
92,0.0,1564.8,10,11.181818181818182,4,ASD-COC-GFL003-AHU102,68.5,DIRTY,1564.5553999999997,1.0,DIRTY,1564.8
413,0.0,4335.52,30,15.5,2,ASD-COC-TFL002-AHU134,45.75,NOISY,4333.2328000000025,0.0,NOISY,4335.52
487,0.0,1276.0,20,22.25,12,ASD-COC-TFL008-AHU166,32.64,DIRTY,1275.5150999999992,38.0,NOT WORKING,1276.0
95,0.0,0.0,8,23.607142857142858,4,ASD-COC-TFL005-AHU162,72.62,DAMAGED,0.0,235.0,DAMAGED,0.0
170,0.0,24582.12,46,4.128865979381444,6,ASD-MTB-FOF021-AHU054,33.35,WARNING,24585.416800000057,31.0,WARNING,24582.12
330,0.0,5245.36,22,15.826086956521738,12,ASD-COC-GFL006-AHU109,31.59,DIRTY,5245.35999999999,63.0,DAMAGED,5245.36
380,0.0,16514.55,49,6.953703703703703,1,ASD-MTB-FOF011-AHU037,35.9,WARNING,16518.595899999993,0.0,WARNING,16514.55
128,0.0,3796.68,20,12.305555555555555,1,ASD-MTB-GFL07A-AHU177,64.88,DIRTY,3796.4418999999966,91.0,DIRTY,3796.68
57,0.0,0.0,8,6.344262295081967,3,ASD-COC-GFL002-AHU117,54.04,DIRTY,0.0,105.0,DIRTY,0.0
356,0.0,5263.04,25,15.958333333333334,1,ASD-COC-GFL004-AHU104,72.9,DIRTY,5261.690699999999,0.0,DIRTY,5263.04
178,0.0,1449.6,14,19.384615384615383,7,ASD-COC-TFL008-AHU154,48.83,WARNING,1449.277600000002,53.0,WARNING,1449.6
367,0.0,5115.78,52,7.888888888888889,1,ASD-COA-GFL002-AHU067,39.74,DIRTY,5115.728200000013,103.0,DIRTY,5115.78
142,0.0,1201.56,18,9.657142857142857,5,ASD-COA-GFL004-AHU063,34.64,DAMAGED,1201.5845999999988,16.0,LEAKAGE,1201.56
429,0.0,5474.72,30,15.958333333333334,3,ASD-COC-GFL004-AHU104,48.54,DAMAGED,5474.726199999986,48.0,DAMAGED,5474.72
321,0.0,1655.6799999999998,20,20.25,11,ASD-COC-TFL006-AHU147,47.82,DAMAGED,1655.3549999999968,5.0,DAMAGED,1655.6799999999998
0,0.0,1043.2,2,16.416666666666668,3,ASD-COC-GFL008-AHU125,49.46,DIRTY,1042.359499999999,36.0,DIRTY,1043.2
47,0.0,1069.36,10,9.90277777777778,2,ASD-MTB-FOF024-AHU196,34.56,DIRTY,1070.5318000000009,11.0,NOT WORKING,1069.36
354,0.0,3554.08,22,15.958333333333334,1,ASD-COC-GFL004-AHU104,72.91,DIRTY,3554.1038000000017,1.0,DAMAGED,3554.08
356,0.0,5474.72,26,15.958333333333334,1,ASD-COC-GFL004-AHU104,73.26,DIRTY,5474.825399999991,2.0,DIRTY,5474.72
480,0.0,455.48,20,27.318181818181817,5,ASD-COC-TFL003-AHU138,72.05,DAMAGED,455.48000000000064,19.0,DAMAGED,455.48
238,0.0,0.0,6,31.0,9,ASD-COC-TFL003-AHU158,78.59,NOT WORKING,0.0,77.0,DAMAGED,0.0
270,0.0,3583.6800000000003,12,16.416666666666668,12,ASD-COC-GFL008-AHU125,42.56,DIRTY,3583.8567999999946,23.0,DAMAGED,3583.6800000000003
391,0.0,10198.44,36,9.86904761904762,1,ASD-COC-GFL004-AHU121,43.6,NOT WORKING,10197.531899999978,55.0,DAMAGED,10198.44
701,0.0,1920.64,34,20.83333333333333,12,ASD-COC-GFL002-AHU100,45.56,LEAKAGE,1920.640000000004,15.0,DAMAGED,1920.64
20,0.0,0.0,4,20.36842105263158,3,ASD-COC-GFL001-AHU098,62.67,DAMAGED,0.0,252.0,DAMAGED,0.0
548,0.0,1607.88,25,21.571428571428573,8,ASD-COC-TFL005-AHU143,33.08,DIRTY,1607.3707000000013,0.0,DIRTY,1607.88
391,0.0,687.36,16,16.625,4,LSD-BSP-GFL23A-AHU200,43.92,DIRTY,687.0344000000001,18.0,DIRTY,687.36
682,0.0,1566.24,32,24.0,12,ASD-COC-TFL002-AHU132,45.43,DAMAGED,1566.9403999999981,90.0,DAMAGED,1566.24
245,0.0,976.96,10,27.821428571428573,9,ASD-COC-TFL001-AHU155,33.19,NOT WORKING,976.6960000000015,43.0,NOT WORKING,976.96
122,0.0,0.0,6,7.149122807017544,5,ASD-COC-GFL002-AHU118,36.65,DIRTY,0.0,38.0,DIRTY,0.0
380,0.0,19738.98,46,8.763157894736842,2,ASD-MTB-FOF010-AHU058,38.74,DIRTY,19738.205399999995,83.0,DIRTY,19738.98
233,0.0,375.66,10,15.875,12,ASD-MTB-GFL022-AHU010,42.09,DIRTY,375.6708000000003,92.0,DAMAGED,375.66
82,0.0,3796.68,16,12.305555555555555,11,ASD-MTB-GFL07A-AHU177,56.93,DAMAGED,3796.5200999999947,3.0,NOT WORKING,3796.68
197,0.0,410.08,6,24.892857142857142,7,ASD-COC-TFL001-AHU130,84.31,DAMAGED,410.8244,51.0,DIRTY,410.08
26,0.0,14322.32,14,11.452380952380953,2,ASD-MTB-FOF008-AHU028,41.27,DIRTY,14321.698600000005,6.0,DIRTY,14322.32
86,0.0,1201.56,14,9.657142857142857,3,ASD-COA-GFL004-AHU063,30.3,DIRTY,1201.600999999999,20.0,DIRTY,1201.56
245,0.0,0.0,18,19.964285714285715,11,ASD-COB-APR-AHU094,57.96,NOT WORKING,0.0,64.0,NOT WORKING,0.0
218,0.0,2116.96,12,26.75,12,ASD-COC-TFL004-AHU161,35.11,DAMAGED,2116.9779999999987,39.0,DAMAGED,2116.96
42,0.0,0.0,6,17.522727272727273,2,ASD-COC-GFL002-AHU101,70.91,DAMAGED,0.0,34.0,DAMAGED,0.0
413,0.0,4495.52,31,15.5,2,ASD-COC-TFL002-AHU134,41.22,NOISY,4496.670799999995,0.0,NOISY,4495.52
541,0.0,5799.0,22,24.40909090909091,7,ASD-COB-GFL017-AHU079,33.67,DAMAGED,5798.86,0.0,NOT WORKING,5799.0
307,0.0,1718.28,20,11.10344827586207,11,ASD-COC-TFL006-AHU148,69.53,DAMAGED,1718.608799999999,8.0,DIRTY,1718.28
303,0.0,422.08,14,26.20833333333333,11,ASD-COC-TFL003-AHU136,78.35,DIRTY,422.13800000000106,3.0,DAMAGED,422.08
725,0.0,12209.72,58,12.225806451612904,12,ASD-COC-GFL001-AHU099,36.09,DAMAGED,12209.71999999998,41.0,DAMAGED,12209.72
298,0.0,1907.36,10,24.892857142857142,11,ASD-COC-TFL001-AHU130,37.29,DAMAGED,1907.429999999996,2.0,DAMAGED,1907.36
819,0.0,62726.4,108,7.481481481481482,4,ASD-COC-GFL003-AHU120,32.46,DIRTY,62785.803299999956,0.0,DAMAGED,62726.4
32,0.0,14322.32,16,11.452380952380953,2,ASD-MTB-FOF008-AHU028,50.18,DIRTY,14321.698600000005,130.0,BLOCKED,14322.32
270,0.0,13405.04,32,14.78,11,ASD-MTB-FOF009-AHU021,30.14,DAMAGED,13405.12220000001,87.0,DAMAGED,13405.04
395,0.0,6209.46,20,20.214285714285715,2,ASD-MTB-FOF009-AHU061,31.88,NOISY,6214.197500000004,0.0,NOISY,6209.46
328,0.0,884.9,18,9.7375,11,ASD-COC-GFL001-AHU096,46.24,DAMAGED,884.8999999999993,24.0,LEAKAGE,884.9
45,0.0,0.0,6,6.344262295081967,2,ASD-COC-GFL002-AHU117,57.18,DIRTY,0.0,12.0,DIRTY,0.0
143,0.0,250.44,8,24.0,7,ASD-COC-TFL002-AHU132,30.53,WARNING,250.43999999999969,39.0,WARNING,250.44
58,0.0,112.0,8,10.482142857142858,4,ASD-COB-GFL018-AHU088,55.88,DIRTY,110.70820000000009,85.0,DAMAGED,112.0
322,0.0,782.4,18,17.522727272727273,11,ASD-COC-GFL002-AHU101,32.24,DAMAGED,782.3999999999999,45.0,DAMAGED,782.4
311,0.0,375.66,10,24.071428571428573,12,ASD-COC-TFL008-AHU151,40.27,DAMAGED,375.6652000000003,24.0,DAMAGED,375.66
63,0.0,2123.76,14,8.5,4,ASD-COA-GFL004-AHU073,33.28,DIRTY,2123.7184000000016,34.0,DIRTY,2123.76
461,0.0,18049.54,34,14.452380952380953,4,ASD-MTB-FOF008-AHU060,31.8,WARNING,18033.555999999986,0.0,WARNING,18049.54
380,0.0,16130.1,48,6.953703703703703,1,ASD-MTB-FOF011-AHU037,36.82,WARNING,16131.496199999985,0.0,WARNING,16130.1
697,0.0,2203.36,66,11.294117647058824,12,ASD-COC-TFL001-AHU127,69.49,NOT WORKING,2203.3599999999947,25.0,NOT WORKING,2203.36
335,0.0,375.66,12,24.071428571428573,1,ASD-COC-TFL008-AHU151,51.03,DAMAGED,375.7370000000003,159.0,DAMAGED,375.66
291,0.0,240.0,12,14.977272727272728,11,LSD-TXP-GFL26A-AHU201,41.95,DAMAGED,240.0,0.0,DAMAGED,240.0
0,0.0,0.0,2,28.666666666666668,8,ASD-MTB-GFL008-AHU006,68.96,DAMAGED,0.0,343.0,LEAKAGE,0.0
356,0.0,20776.88,46,8.7,1,ASD-MTB-GFL06A-AHU168,52.79,DIRTY,20777.016799999947,39.0,DIRTY,20776.88
19,0.0,3174.66,6,25.357142857142858,6,ASD-COB-SFL016-AHU093,36.12,DIRTY,3173.079600000002,0.0,DIRTY,3174.66
17,0.0,8743.56,12,13.37037037037037,2,ASD-MTB-FOF021-AHU050,34.97,DIRTY,8742.757200000011,0.0,DIRTY,8743.56
324,0.0,3266.08,22,13.56,12,ASD-COC-GFL003-AHU103,43.87,DAMAGED,3266.079999999999,34.0,DAMAGED,3266.08
26,0.0,12199.57,11,11.452380952380953,2,ASD-MTB-FOF008-AHU028,44.31,DIRTY,12209.911099999983,0.0,DIRTY,12199.57
209,0.0,1829.12,10,29.27777777777778,11,ASD-COA-BAS004-AHU182,51.06,DAMAGED,1828.9859999999974,47.0,DAMAGED,1829.12
316,0.0,976.96,14,27.821428571428573,12,ASD-COC-TFL001-AHU155,36.34,DAMAGED,976.9965000000016,239.0,DAMAGED,976.96
297,0.0,25701.02,51,4.8359375,1,ASD-COB-GFL18A-AHU191,30.49,DIRTY,25691.572799999994,0.0,DIRTY,25701.02
546,0.0,1920.64,30,20.83333333333333,7,ASD-COC-GFL002-AHU100,47.38,DAMAGED,1920.640000000004,63.0,DAMAGED,1920.64
545,0.0,2344.0,22,25.83333333333333,7,ASD-COC-TFL006-AHU164,52.72,DAMAGED,2344.032,10.0,NOT WORKING,2344.0
107,0.0,1689.4,7,29.27777777777778,7,ASD-COA-BAS004-AHU182,38.72,DIRTY,1690.3983999999994,0.0,NOISY,1689.4
326,0.0,2034.6,17,15.875,3,ASD-MTB-GFL022-AHU010,30.98,DIRTY,2035.9718999999982,0.0,DIRTY,2034.6
511,0.0,21004.96,44,14.78,7,ASD-MTB-FOF009-AHU021,47.84,DIRTY,21003.724399999996,109.0,DIRTY,21004.96
33,0.0,0.0,4,27.821428571428573,2,ASD-COC-TFL001-AHU155,49.3,DAMAGED,0.0,118.0,DAMAGED,0.0
453,0.0,0.0,14,18.4,5,ASD-COC-GFL005-AHU107,36.83,DAMAGED,0.0,24.0,NOT WORKING,0.0
0,0.0,0.0,2,29.77777777777778,1,ASD-COC-GFL006-AHU108,56.85,DAMAGED,0.0,55.0,DIRTY,0.0
341,0.0,1713.72,30,14.041666666666666,12,ASD-COC-TFL004-AHU140,45.86,DIRTY,1713.625400000001,216.0,DAMAGED,1713.72
533,0.0,18126.6,56,10.818181818181818,8,ASD-MTB-GFL007-AHU001,33.26,DIRTY,18128.216800000024,36.0,WATER LEAKAGE,18126.6
394,0.0,5245.36,24,15.826086956521738,3,ASD-COC-GFL006-AHU109,32.92,DAMAGED,5245.379299999991,107.0,DAMAGED,5245.36
654,0.0,81802.2,80,7.269230769230769,12,ASD-MTB-GFL06A-AHU171,32.08,DAMAGED,81824.24580000008,16.0,DAMAGED,81802.2
817,0.0,61804.08,106,7.481481481481482,4,ASD-COC-GFL003-AHU120,34.51,DIRTY,61807.56030000005,1.0,DIRTY,61804.08
242,0.0,5739.0,12,24.40909090909091,10,ASD-COB-GFL017-AHU079,62.53,DIRTY,5738.78,82.0,DIRTY,5739.0
263,0.0,12078.24,20,12.916666666666666,10,ASD-MTB-FOF008-AHU020,34.14,NOT WORKING,12078.652199999993,0.0,DIRTY,12078.24
579,0.0,49069.88,68,9.743589743589745,8,ASD-COB-GFL018-AHU084,36.91,DIRTY,49069.577999999914,18.0,DIRTY,49069.88
267,0.0,0.0,8,17.333333333333332,11,ASD-COC-GFL008-AHU111,45.8,DAMAGED,0.0,9.0,DAMAGED,0.0
423,0.0,31639.52,40,11.155172413793103,3,ASD-MTB-FOF024-AHU194,62.1,DIRTY,31639.226000000013,27.0,DIRTY,31639.52
365,0.0,2575.52,24,15.5,1,ASD-COC-TFL002-AHU134,49.95,DAMAGED,2575.509999999995,5.0,LEAKAGE,2575.52
104,0.0,2347.2,12,12.98148148148148,5,ASD-COA-GFL003-AHU183,46.6,DIRTY,2346.3608000000036,5.0,WARNING,2347.2
297,0.0,422.08,12,26.20833333333333,11,ASD-COC-TFL003-AHU136,57.89,DAMAGED,422.13800000000106,5.0,NOT WORKING,422.08
370,0.0,0.0,12,23.607142857142858,1,ASD-COC-TFL005-AHU162,79.2,DAMAGED,0.0,116.0,DAMAGED,0.0
577,0.0,45124.26,86,7.688888888888889,9,ASD-MTB-FOF021-AHU038,30.86,DIRTY,45124.51629999989,53.0,DAMAGED,45124.26
483,0.0,1655.6799999999998,26,20.25,5,ASD-COC-TFL006-AHU147,47.33,DAMAGED,1655.4999999999968,89.0,DAMAGED,1655.6799999999998
394,0.0,4126.4,16,30.33333333333333,4,ASD-LOU-QA1-AHU002,33.06,DAMAGED,4124.545300000001,121.0,DAMAGED,4126.4
441,0.0,44296.72,50,9.0875,4,ASD-MTB-FOF021-AHU185,47.97,DIRTY,44298.83780000003,100.0,DIRTY,44296.72
494,0.0,4071.72,28,19.964285714285715,7,ASD-COB-APR-AHU094,30.06,DAMAGED,4072.555499999993,71.0,NOT WORKING,4071.72
267,0.0,352.0,6,34.611111111111114,10,ASD-COB-BAS17A-AHU190,74.82,LEAKAGE,352.0014,0.0,DAMAGED,352.0
448,0.0,1920.64,20,20.83333333333333,4,ASD-COC-GFL002-AHU100,32.42,DAMAGED,1920.640000000004,14.0,DAMAGED,1920.64
421,0.0,1951.88,38,11.294117647058824,3,ASD-COC-TFL001-AHU127,38.81,DAMAGED,1950.3506000000023,28.0,DAMAGED,1951.88
58,0.0,0.0,6,20.25,3,ASD-COC-TFL006-AHU147,84.26,DAMAGED,0.0,43.0,DAMAGED,0.0
496,0.0,375.66,16,24.071428571428573,6,ASD-COC-TFL008-AHU151,54.97,DAMAGED,375.67040000000037,57.0,DAMAGED,375.66
524,0.0,26149.36,48,11.181818181818182,6,ASD-COC-GFL003-AHU102,31.93,DIRTY,26149.163000000015,7.0,DIRTY,26149.36
47,0.0,0.0,4,15.5,2,ASD-COC-TFL002-AHU134,55.39,DAMAGED,0.0,30.0,DAMAGED,0.0
95,0.0,1633.44,12,15.958333333333334,4,ASD-COC-GFL004-AHU104,61.09,DIRTY,1633.5535000000016,75.0,DAMAGED,1633.44
478,0.0,0.0,10,31.0,5,ASD-COC-TFL003-AHU158,62.24,DAMAGED,0.0,54.0,DAMAGED,0.0
0,0.0,0.0,2,15.958333333333334,1,ASD-COC-GFL004-AHU104,39.74,DIRTY,0.0,24.0,DIRTY,0.0
140,0.0,1868.92,18,5.768115942028985,6,ASD-COC-GFL008-AHU116,31.09,WARNING,1867.8356999999999,5.0,DIRTY,1868.92
399,0.0,57059.1,82,6.971698113207547,3,ASD-MTB-FOF009-AHU019,30.35,DIRTY,57053.592799999984,92.0,LEAKAGE,57059.1
181,0.0,60794.58,47,6.933962264150943,7,ASD-MTB-FOF06A-AHU172,34.86,BLOCKED,60844.683299999975,0.0,BLOCKED,60794.58
370,0.0,478.7,15,21.571428571428573,2,ASD-COC-TFL005-AHU143,53.33,WARNING,478.74759999999964,0.0,WARNING,478.7
633,0.0,8067.679999999999,48,13.56,10,ASD-COC-GFL003-AHU103,30.54,DAMAGED,8064.0089000000025,0.0,DAMAGED,8067.679999999999
120,0.0,9992.9,7,26.25,9,ASD-MTB-FOF024-AHU053,71.03,WARNING,9994.139699999998,0.0,WARNING,9992.9
325,0.0,512.6,22,12.36,1,ASD-COC-TFL001-AHU129,57.35,DAMAGED,512.5484999999991,97.0,DAMAGED,512.6
379,0.0,28859.64,49,9.59722222222222,3,ASD-COB-GFL018-AHU080,74.73,DIRTY,28877.56619999997,0.0,DIRTY,28859.64
77,0.0,3796.68,14,12.305555555555555,11,ASD-MTB-GFL07A-AHU177,42.96,DAMAGED,3796.5200999999947,5.0,DAMAGED,3796.68
303,0.0,3125.08,22,11.5625,11,LSD-VCN-FFL-AHU199,35.69,DAMAGED,3125.3024999999975,5.0,DAMAGED,3125.08
431,0.0,5764.72,17,28.666666666666668,11,ASD-MTB-GFL008-AHU006,44.06,DIRTY,5764.42660000001,0.0,DIRTY,5764.72
498,0.0,2045.36,18,29.57692307692308,5,ASD-COC-GFL005-AHU106,47.55,DAMAGED,2045.2518999999963,3.0,NOT WORKING,2045.36
309,0.0,0.0,20,19.964285714285715,1,ASD-COB-APR-AHU094,78.78,DIRTY,0.0,46.0,NOT WORKING,0.0
334,0.0,5295.48,22,12.225806451612904,12,ASD-COC-GFL001-AHU099,47.63,DAMAGED,5295.584999999993,1.0,DIRTY,5295.48
264,0.0,21439.08,28,12.98148148148148,11,ASD-COA-GFL003-AHU183,68.0,DAMAGED,21439.749700000026,100.0,DIRTY,21439.08
19,0.0,7452.18,18,10.818181818181818,3,ASD-MTB-GFL007-AHU001,30.65,DIRTY,7449.601699999992,47.0,DIRTY,7452.18
264,0.0,12694.8,41,6.627118644067797,10,ASD-COB-BAS17A-AHU205,39.19,DIRTY,12696.57450000001,0.0,DIRTY,12694.8
88,0.0,0.0,6,14.977272727272728,4,LSD-TXP-GFL26A-AHU201,53.96,DIRTY,0.0,35.0,DIRTY,0.0
0,0.0,0.0,2,19.384615384615383,1,ASD-COC-TFL008-AHU154,38.39,NOT WORKING,0.0,28.0,DAMAGED,0.0
302,0.0,782.4,14,17.522727272727273,11,ASD-COC-GFL002-AHU101,44.19,DAMAGED,782.3999999999999,1.0,DAMAGED,782.4
724,0.0,20993.75,38,18.973684210526315,12,ASD-MTB-FOF010-AHU046,40.16,DAMAGED,21000.001999999982,0.0,WARNING,20993.75
361,0.0,26967.0,47,10.984848484848484,12,ASD-MTB-FOF011-AHU027,34.62,WARNING,26958.421399999963,0.0,WARNING,26967.0
559,0.0,422.08,18,26.20833333333333,7,ASD-COC-TFL003-AHU136,30.5,DAMAGED,422.288600000001,72.0,DAMAGED,422.08
502,0.0,2045.36,20,29.57692307692308,6,ASD-COC-GFL005-AHU106,46.19,DAMAGED,2045.436099999996,99.0,DAMAGED,2045.36
257,0.0,13060.6,23,11.75,9,ASD-MTB-FOF010-AHU026,33.13,DIRTY,13065.774300000006,0.0,DIRTY,13060.6
509,0.0,19376.66,35,18.973684210526315,5,ASD-MTB-FOF010-AHU046,47.48,DIRTY,19381.965899999977,0.0,DIRTY,19376.66
0,0.0,0.0,2,21.03333333333333,1,ASD-COC-TFL005-AHU144,38.23,DAMAGED,0.0,40.0,DAMAGED,0.0
292,0.0,1829.12,14,29.27777777777778,1,ASD-COA-BAS004-AHU182,66.82,DAMAGED,1829.2309999999975,118.0,DIRTY,1829.12
452,0.0,42.0,14,20.36842105263158,5,ASD-COC-GFL001-AHU098,41.17,DAMAGED,42.0,7.0,LEAKAGE,42.0
269,0.0,1362.12,15,13.148148148148149,11,ASD-COC-GFL005-AHU114,44.67,DIRTY,1356.811200000001,0.0,DIRTY,1362.12
9,0.0,12201.54,15,9.895833333333334,2,ASD-MTB-FOF024-AHU049,43.06,DIRTY,12210.161299999983,0.0,DIRTY,12201.54
289,0.0,26228.52,40,10.5,11,ASD-MTB-FOF021-AHU048,37.52,NOT WORKING,26229.25740000002,157.0,DAMAGED,26228.52
317,0.0,24968.9,64,5.140845070422535,12,ASD-MTB-FOF008-AHU014,51.44,DIRTY,24968.899999999954,3.0,NOT WORKING,24968.9
370,0.0,0.0,14,29.77777777777778,1,ASD-COC-GFL006-AHU108,68.84,DAMAGED,0.0,42.0,DAMAGED,0.0
107,0.0,3206.4,10,30.33333333333333,7,ASD-LOU-QA1-AHU002,40.05,DIRTY,3207.9068000000007,269.0,DIRTY,3206.4
44,0.0,128.73000000000002,4,9.36904761904762,4,ASD-COB-AM5-AHU01,41.07,DIRTY,129.34379999999982,0.0,DIRTY,128.73000000000002
579,0.0,42325.8,36,13.357142857142858,8,ASD-MTB-FOF06A-AHU173,35.77,DAMAGED,42327.13059999993,7.0,DAMAGED,42325.8
312,0.0,36352.24,56,7.819148936170213,11,ASD-MTB-FOF010-AHU036,37.47,WARNING,36340.475399999996,71.0,WARNING,36352.24
0,0.0,857.12,3,20.23076923076923,7,ASD-COC-TFL002-AHU156,50.59,WARNING,855.8573999999988,0.0,WARNING,857.12
214,0.0,0.0,6,29.77777777777778,8,ASD-COC-GFL006-AHU108,44.65,DAMAGED,0.0,86.0,DAMAGED,0.0
393,0.0,1920.64,18,20.83333333333333,2,ASD-COC-GFL002-AHU100,43.89,DAMAGED,1920.633000000004,54.0,LEAKAGE,1920.64
735,0.0,44738.52,66,11.181818181818182,1,ASD-COC-GFL003-AHU102,33.66,DAMAGED,44748.500499999915,19.0,DIRTY,44738.52
186,0.0,823.44,12,16.55263157894737,8,LSD-PMS-BUI-AHU203,33.52,DAMAGED,823.5780000000012,49.0,BLOCKED,823.44
356,0.0,4514.4,24,15.958333333333334,1,ASD-COC-GFL004-AHU104,72.24,DIRTY,4515.741999999996,0.0,DIRTY,4514.4
314,0.0,21196.56,62,6.427083333333333,11,ASD-MTB-FOF011-AHU045,32.17,DIRTY,21198.77290000003,3.0,DIRTY,21196.56
452,0.0,41950.46,38,11.452380952380953,4,ASD-MTB-FOF008-AHU028,73.84,DIRTY,41951.574000000044,33.0,NOISY,41950.46
340,0.0,2220.48,28,14.607142857142858,8,ASD-COC-TFL004-AHU141,36.84,DIRTY,2220.4738000000034,74.0,DAMAGED,2220.48
290,0.0,3321.2,20,19.384615384615383,11,ASD-COC-TFL008-AHU154,52.88,DAMAGED,3321.095600000004,33.0,DIRTY,3321.2
545,0.0,1172.0,20,23.607142857142858,7,ASD-COC-TFL005-AHU162,30.86,DAMAGED,1172.0,4.0,NOT WORKING,1172.0
335,0.0,5295.48,24,12.225806451612904,12,ASD-COC-GFL001-AHU099,51.56,DAMAGED,5295.584999999993,28.0,DAMAGED,5295.48
414,0.0,2608.0,30,9.534883720930232,2,LSD-VCN-FFL-AHU198,30.76,DIRTY,2608.0,28.0,DIRTY,2608.0
267,0.0,23356.5,37,9.59722222222222,11,ASD-COB-GFL018-AHU080,30.84,DAMAGED,23371.067999999974,0.0,DAMAGED,23356.5
200,0.0,227.74,10,27.318181818181817,7,ASD-COC-TFL003-AHU138,38.88,DIRTY,227.64040000000023,0.0,DIRTY,227.74
